,model,design_ix,enzyme,fold-change,nra_sol
0,"3191,8",0,EU_HEX1,0.1718394864075071,0.44879889795852834
1,"3191,8",0,ED_PRPPS,0.6931471805599453,0.44879889795852834
2,"3191,8",0,ED_PYK,0.6301511982289204,0.44879889795852834
3,"3191,8",1,EU_HEX1,0.20516639258367245,0.43048073843939755
4,"3191,8",1,ED_PYK,0.6931471805599453,0.43048073843939755
5,"3191,8",1,EU_PRFGS,0.060275109124273,0.43048073843939755
6,"3191,8",2,ED_PYK,0.6931471805599453,0.43008422943606917
7,"3191,8",2,ED_ALDD2y,0.6872846603554792,0.43008422943606917
8,"3191,8",2,ED_PDHm,0.47580754061306324,0.43008422943606917
9,"3191,8",3,ED_PRPPS,0.6931471805599453,0.4246005737111332
10,"3191,8",3,ED_PDHm,0.39993764304895,0.4246005737111332
11,"3191,8",3,ED_PFK,0.5409737060004337,0.4246005737111332
12,"3191,8",4,ED_PYK,0.6931471805599453,0.2959343726050402
13,"3191,8",4,EU_AKGDbm,0.08194071159081202,0.2959343726050402
14,"3191,8",4,EU_TAL,0.6931471805599453,0.2959343726050402
15,"3191,8",5,ED_PYK,0.6931471805599453,0.2762584536213946
16,"3191,8",5,EU_TAL,0.6931471805599453,0.2762584536213946
17,"3191,8",5,EU_SUCOASm,0.0810036047450966,0.2762584536213946
18,"3191,8",6,ED_PYK,0.6931471805599453,0.2959343726050483
19,"3191,8",6,EU_TAL,0.6931471805599453,0.2959343726050483
20,"3191,8",6,EU_GCC2cm,0.06897584944260614,0.2959343726050483
21,"3191,8",7,ED_PYK,0.6756017215556063,0.27985629853067573
22,"3191,8",7,EU_PPND2,0.6882783047791289,0.27985629853067573
23,"3191,8",7,ED_MDH,0.6931471805599453,0.27985629853067573
24,"3191,8",8,ED_PYK,0.6931471805599453,0.259342504112984
25,"3191,8",8,EU_SUCOASm,0.07570285051100661,0.259342504112984
26,"3191,8",8,EU_PPND2,0.6669390382577473,0.259342504112984
27,"3191,8",9,ED_PYK,0.6931471805599453,0.2754487628665011
28,"3191,8",9,EU_TAL,0.6931471805599453,0.2754487628665011
29,"3191,8",9,ED_NADH2_u6m,0.44970857896464034,0.2754487628665011
30,"3191,8",10,ED_PYK,0.6931471805599453,0.278279180748478
31,"3191,8",10,EU_AKGDbm,0.08295365411181489,0.278279180748478
32,"3191,8",10,EU_PPND2,0.6931471805599453,0.278279180748478
33,"3191,8",11,ED_PYK,0.6931471805599453,0.27827918074848623
34,"3191,8",11,EU_GCC2cm,0.06982852169143418,0.27827918074848623
35,"3191,8",11,EU_PPND2,0.6931471805599453,0.27827918074848623
36,"3191,8",12,ED_PYK,0.6931471805599453,0.2782791807484205
37,"3191,8",12,EU_PPND2,0.6931471805599453,0.2782791807484205
38,"3191,8",12,EU_AKGDam,0.12868951948783436,0.2782791807484205
39,"3191,8",13,EU_DHQTi,0.6931471805599453,0.17743214936850948
40,"3191,8",13,EU_DHQS,0.6931471805599453,0.17743214936850948
41,"3191,8",13,EU_CHORM,0.4251264581486147,0.17743214936850948
42,"3191,8",14,ED_PRPPS,0.3144472990154865,0.014267027810172302
43,"3191,8",14,EU_ICDHxm,0.001,0.014267027810172302
44,"3191,8",14,EU_PDHm,0.001,0.014267027810172302
45,"3191,8",15,ED_PYK,0.362527587512148,0.14822099014351975
46,"3191,8",15,EU_DHQTi,0.6931471805599453,0.14822099014351975
47,"3191,8",15,EU_ICDHxm,0.4840207090906547,0.14822099014351975
48,"3191,8",16,EU_TAL,0.6931471805599453,0.11715500383420001
49,"3191,8",16,ED_CSm,0.5105550996366935,0.11715500383420001
50,"3191,8",16,ED_SUCD2_u6m,0.23338416840825554,0.11715500383420001
51,"3191,8",17,EU_TAL,0.550329815298887,0.14511259855466235
52,"3191,8",17,ED_PGM,0.6931471805599453,0.14511259855466235
53,"3191,8",17,ED_PYRDC,0.001,0.14511259855466235
54,"3191,8",18,EU_HEX1,0.20611941115440124,0.27740362419794967
55,"3191,8",18,EU_TAL,0.6931471805599453,0.27740362419794967
56,"3191,8",18,EU_ASPTA,0.15429611305886298,0.27740362419794967
57,"3191,8",19,EU_TAL,0.6931471805599453,0.22658382598194426
58,"3191,8",19,EU_ASPTA,0.24860833668129287,0.22658382598194426
59,"3191,8",19,EU_r_4235,0.6931471805599453,0.22658382598194426
60,"3191,8",20,EU_TAL,0.6931471805599453,0.16096566946472357
61,"3191,8",20,EU_ASPTA,0.5370458957869075,0.16096566946472357
62,"3191,8",20,EU_PGI,0.46727566401750936,0.16096566946472357
63,"3191,8",21,EU_DHQS,0.6931471805599453,0.20742368211114764
64,"3191,8",21,EU_CHORM,0.5114499908248373,0.20742368211114764
65,"3191,8",21,ED_PGK,0.1993383196921818,0.20742368211114764
66,"3191,8",22,EU_DHQS,0.6931471805599453,0.15967244148992626
67,"3191,8",22,EU_CHORM,0.6931471805599453,0.15967244148992626
68,"3191,8",22,ED_PPA,0.007868384608459435,0.15967244148992626
69,"3191,8",23,EU_DHQS,0.6931471805599453,0.15377785004534236
70,"3191,8",23,EU_CHORM,0.5684946629191576,0.15377785004534236
71,"3191,8",23,ED_ICDHym,0.001,0.15377785004534236
72,"3191,8",24,EU_DHQS,0.6931471805599453,0.16046787742624208
73,"3191,8",24,EU_CHORM,0.6931471805599453,0.16046787742624208
74,"3191,8",24,EU_ICDHxm,0.015896545101253743,0.16046787742624208
75,"3191,8",25,EU_DHQS,0.6931471805599453,0.1608351458340981
76,"3191,8",25,EU_CHORM,0.6931471805599453,0.1608351458340981
77,"3191,8",25,EU_ME1m,0.0414162199173174,0.1608351458340981
78,"3191,8",26,EU_DHQS,0.6931471805599453,0.15886792290619134
79,"3191,8",26,EU_CHORM,0.6931471805599453,0.15886792290619134
80,"3191,8",26,ED_CPR,0.03164620191404854,0.15886792290619134
81,"3191,8",27,EU_DHQTi,0.6931471805599453,0.1657986356691848
82,"3191,8",27,EU_DHQS,0.6931471805599453,0.1657986356691848
83,"3191,8",27,ED_PYRDC,0.25840941009971097,0.1657986356691848
84,"3191,8",28,ED_PYK,0.14957649975845683,0.18446630781106446
85,"3191,8",28,EU_DHQS,0.6931471805599453,0.18446630781106446
86,"3191,8",28,ED_PYRDC,0.1480873002886076,0.18446630781106446
87,"3191,8",29,ED_PYK,0.28334733810563795,0.10734394997650439
88,"3191,8",29,EU_PGL,0.001,0.10734394997650439
89,"3191,8",29,EU_GLUDy,0.001,0.10734394997650439
90,"3191,8",30,ED_PYK,0.310104299942973,0.11631982636784607
91,"3191,8",30,EU_GLUDy,0.001,0.11631982636784607
92,"3191,8",30,EU_GND,0.6931471805599453,0.11631982636784607
93,"3191,8",31,ED_PYK,0.2835805386432605,0.10734713202537609
94,"3191,8",31,EU_GLUDy,0.001,0.10734713202537609
95,"3191,8",31,EU_G6PDH2r,0.001,0.10734713202537609
96,"3191,8",32,EU_ASPTA,0.24985432613157846,0.04586783238328994
97,"3191,8",32,EU_GLUDy,0.001,0.04586783238328994
98,"3191,8",32,ED_ICDHyr,0.0009999999999999686,0.04586783238328994
99,"3191,8",33,ED_PYK,0.39651494440900437,0.17705325593812898
100,"3191,8",33,EU_GLUDy,0.001,0.17705325593812898
101,"3191,8",33,ED_MDHm,0.6931471805599453,0.17705325593812898
102,"3191,8",34,EU_PPND2,0.6931471805599453,0.1448670817368294
103,"3191,8",34,ED_PYRDC,0.3461653151506322,0.1448670817368294
104,"3191,8",34,ED_PGK,0.38151820043777307,0.1448670817368294
105,"3191,8",35,EU_PPND2,0.6931471805599453,0.10877092214802128
106,"3191,8",35,EU_ASPTA,0.48483652441501035,0.10877092214802128
107,"3191,8",35,ED_GLNS,0.016865034166407805,0.10877092214802128
108,"3191,8",36,EU_PGL,0.5303536557715074,0.12098880363508728
109,"3191,8",36,EU_PGCD,0.6931471805599453,0.12098880363508728
110,"3191,8",36,EU_FBA3,0.6931471805599453,0.12098880363508728
111,"3191,8",37,EU_HEX1,0.12683202822376088,0.15012128366727268
112,"3191,8",37,ED_PGK,0.07342561695080183,0.15012128366727268
113,"3191,8",37,EU_FBA3,0.6931471805599453,0.15012128366727268
114,"3191,8",38,EU_GLUDy,0.32508714206024497,0.016843422691060372
115,"3191,8",38,ED_ICDHyr,0.29929310876690174,0.016843422691060372
116,"3191,8",38,EU_FBA3,0.001,0.016843422691060372
117,"3191,42",0,EU_HEX1,0.12427130348602868,0.09467355332437599
118,"3191,42",0,ED_PRPPS,0.001,0.09467355332437599
119,"3191,42",0,ED_PYK,0.06510733684271831,0.09467355332437599
120,"3191,42",1,EU_HEX1,0.11023062837924924,0.12609315860466397
121,"3191,42",1,ED_PYK,0.22346113655067748,0.12609315860466397
122,"3191,42",1,EU_PRFGS,0.010517143037257709,0.12609315860466397
123,"3191,42",2,ED_PYK,0.3260806998469963,0.10687948508796656
124,"3191,42",2,ED_ALDD2y,0.21345628228650124,0.10687948508796656
125,"3191,42",2,ED_PDHm,0.2966539790407794,0.10687948508796656
126,"3191,42",3,ED_PRPPS,0.14284535543685484,0.056303800660920646
127,"3191,42",3,ED_PDHm,0.20849064997349967,0.056303800660920646
128,"3191,42",3,ED_PFK,0.6931471805599453,0.056303800660920646
129,"3191,42",4,ED_PYK,0.6931471805599453,0.26391144712786435
130,"3191,42",4,EU_AKGDbm,0.3353722101082852,0.26391144712786435
131,"3191,42",4,EU_TAL,0.6931471805599453,0.26391144712786435
132,"3191,42",5,ED_PYK,0.6862635665496026,0.26348463621389295
133,"3191,42",5,EU_TAL,0.6931471805599453,0.26348463621389295
134,"3191,42",5,EU_SUCOASm,0.14084041731683763,0.26348463621389295
135,"3191,42",6,ED_PYK,0.670387277393072,0.2561761485650603
136,"3191,42",6,EU_TAL,0.6931471805599453,0.2561761485650603
137,"3191,42",6,EU_GCC2cm,0.6931471805599453,0.2561761485650603
138,"3191,42",7,ED_PYK,0.6588955928205352,0.2533674941711538
139,"3191,42",7,EU_PPND2,0.6931471805599453,0.2533674941711538
140,"3191,42",7,ED_MDH,0.6931471805599453,0.2533674941711538
141,"3191,42",8,ED_PYK,0.6931471805599453,0.253142564951558
142,"3191,42",8,EU_SUCOASm,0.13300388037115152,0.253142564951558
143,"3191,42",8,EU_PPND2,0.6931471805599453,0.253142564951558
144,"3191,42",9,ED_PYK,0.6883696055703703,0.25206307283617313
145,"3191,42",9,EU_TAL,0.6931471805599453,0.25206307283617313
146,"3191,42",9,ED_NADH2_u6m,0.1972834182625797,0.25206307283617313
147,"3191,42",10,ED_PYK,0.6931471805599453,0.25162375413206745
148,"3191,42",10,EU_AKGDbm,0.31633960707774533,0.25162375413206745
149,"3191,42",10,EU_PPND2,0.6931471805599453,0.25162375413206745
150,"3191,42",11,ED_PYK,0.6931471805599453,0.25073989834752786
151,"3191,42",11,EU_GCC2cm,0.6931471805599453,0.25073989834752786
152,"3191,42",11,EU_PPND2,0.6931471805599453,0.25073989834752786
153,"3191,42",12,ED_PYK,0.6931471805599453,0.2502999624783845
154,"3191,42",12,EU_PPND2,0.6931471805599453,0.2502999624783845
155,"3191,42",12,EU_AKGDam,0.6931471805599453,0.2502999624783845
156,"3191,42",13,EU_DHQTi,0.40402793328863573,0.06826223381072857
157,"3191,42",13,EU_DHQS,0.001,0.06826223381072857
158,"3191,42",13,EU_CHORM,0.4192698294259474,0.06826223381072857
159,"3191,42",14,ED_PRPPS,0.16184270391318722,0.020444846474590953
160,"3191,42",14,EU_ICDHxm,0.0952005694646827,0.020444846474590953
161,"3191,42",14,EU_PDHm,0.001,0.020444846474590953
162,"3191,42",15,ED_PYK,0.1413001485679836,0.1390685911997841
163,"3191,42",15,EU_DHQTi,0.6931471805599453,0.1390685911997841
164,"3191,42",15,EU_ICDHxm,0.04463787621732562,0.1390685911997841
165,"3191,42",16,EU_TAL,0.6931471805599453,0.057486096492439714
166,"3191,42",16,ED_CSm,0.001,0.057486096492439714
167,"3191,42",16,ED_SUCD2_u6m,0.013148906835003166,0.057486096492439714
168,"3191,42",17,EU_TAL,0.6931471805599453,0.12985692594613282
169,"3191,42",17,ED_PGM,0.28116991010905756,0.12985692594613282
170,"3191,42",17,ED_PYRDC,0.15603251348321354,0.12985692594613282
171,"3191,42",18,EU_HEX1,0.06842874246406992,0.09853406226473298
172,"3191,42",18,EU_TAL,0.6931471805599453,0.09853406226473298
173,"3191,42",18,EU_ASPTA,0.001,0.09853406226473298
174,"3191,42",19,EU_TAL,0.6931471805599453,0.09853406226473316
175,"3191,42",19,EU_ASPTA,0.001,0.09853406226473316
176,"3191,42",19,EU_r_4235,0.3376555053458672,0.09853406226473316
177,"3191,42",20,EU_TAL,0.6931471805599453,0.07053467447078261
178,"3191,42",20,EU_ASPTA,0.001,0.07053467447078261
179,"3191,42",20,EU_PGI,0.08645338146901214,0.07053467447078261
180,"3191,42",21,EU_DHQS,0.6931471805599453,0.11023017734367808
181,"3191,42",21,EU_CHORM,0.49659918748356946,0.11023017734367808
182,"3191,42",21,ED_PGK,0.15209309687694392,0.11023017734367808
183,"3191,42",22,EU_DHQS,0.6931471805599453,0.08917959470145383
184,"3191,42",22,EU_CHORM,0.45571111014256827,0.08917959470145383
185,"3191,42",22,ED_PPA,0.005529789943521213,0.08917959470145383
186,"3191,42",23,EU_DHQS,0.6931471805599453,0.08859172347590769
187,"3191,42",23,EU_CHORM,0.4554859833303624,0.08859172347590769
188,"3191,42",23,ED_ICDHym,0.016268732765075736,0.08859172347590769
189,"3191,42",24,EU_DHQS,0.6931471805599453,0.08975543102219823
190,"3191,42",24,EU_CHORM,0.4549823617951744,0.08975543102219823
191,"3191,42",24,EU_ICDHxm,0.011079799926230776,0.08975543102219823
192,"3191,42",25,EU_DHQS,0.6931471805599453,0.08909689787809678
193,"3191,42",25,EU_CHORM,0.45619689441704514,0.08909689787809678
194,"3191,42",25,EU_ME1m,0.029180015620048468,0.08909689787809678
195,"3191,42",26,EU_DHQS,0.6931471805599453,0.08903794999216544
196,"3191,42",26,EU_CHORM,0.4551353322544351,0.08903794999216544
197,"3191,42",26,ED_CPR,0.02718708020142154,0.08903794999216544
198,"3191,42",27,EU_DHQTi,0.4135755080638252,0.06159287744967338
199,"3191,42",27,EU_DHQS,0.001000000000000676,0.06159287744967338
200,"3191,42",27,ED_PYRDC,0.001,0.06159287744967338
201,"3191,42",28,ED_PYK,0.29710268349620417,0.08792923471692063
202,"3191,42",28,EU_DHQS,0.001,0.08792923471692063
203,"3191,42",28,ED_PYRDC,0.001,0.08792923471692063
204,"3191,42",29,ED_PYK,0.3641274708989363,0.10565300677110209
205,"3191,42",29,EU_PGL,0.04937593558644651,0.10565300677110209
206,"3191,42",29,EU_GLUDy,0.011032514649463365,0.10565300677110209
207,"3191,42",30,ED_PYK,0.6034318271647128,0.13538182787207714
208,"3191,42",30,EU_GLUDy,0.41375751252495485,0.13538182787207714
209,"3191,42",30,EU_GND,0.08390264573560094,0.13538182787207714
210,"3191,42",31,ED_PYK,0.3641274709074904,0.10565300677377963
211,"3191,42",31,EU_GLUDy,0.011032514638701418,0.10565300677377963
212,"3191,42",31,EU_G6PDH2r,0.06289215970992669,0.10565300677377963
213,"3191,42",32,EU_ASPTA,0.33661090870346305,0.06321052073022933
214,"3191,42",32,EU_GLUDy,0.2539796875687108,0.06321052073022933
215,"3191,42",32,ED_ICDHyr,0.438142407414241,0.06321052073022933
216,"3191,42",33,ED_PYK,0.6628002121134892,0.1922537658628868
217,"3191,42",33,EU_GLUDy,0.33261930549380614,0.1922537658628868
218,"3191,42",33,ED_MDHm,0.6931471805599453,0.1922537658628868
219,"3191,42",34,EU_PPND2,0.6931471805599453,0.15516793514135022
220,"3191,42",34,ED_PYRDC,0.39277302655470375,0.15516793514135022
221,"3191,42",34,ED_PGK,0.6204282813767292,0.15516793514135022
222,"3191,42",35,EU_PPND2,0.31698710563090465,0.05156731249966874
223,"3191,42",35,EU_ASPTA,0.001,0.05156731249966874
224,"3191,42",35,ED_GLNS,0.06703664350783459,0.05156731249966874
225,"3191,42",36,EU_PGL,0.001,0.011661526478003155
226,"3191,42",36,EU_PGCD,0.04234636691748739,0.011661526478003155
227,"3191,42",36,EU_FBA3,0.6931471805599453,0.011661526478003155
228,"3191,42",37,EU_HEX1,0.10487950934659088,0.09902060504222329
229,"3191,42",37,ED_PGK,0.2420131482780064,0.09902060504222329
230,"3191,42",37,EU_FBA3,0.6931471805599453,0.09902060504222329
231,"3191,42",38,EU_GLUDy,0.001,0.022798701547216506
232,"3191,42",38,ED_ICDHyr,0.2956993976537565,0.022798701547216506
233,"3191,42",38,EU_FBA3,0.6931471805599453,0.022798701547216506
234,"3191,60",0,EU_HEX1,0.2131512100452673,0.12865809409242224
235,"3191,60",0,ED_PRPPS,0.34661104087923833,0.12865809409242224
236,"3191,60",0,ED_PYK,0.001,0.12865809409242224
237,"3191,60",1,EU_HEX1,0.001,0.03666859975110244
238,"3191,60",1,ED_PYK,0.5443489121521237,0.03666859975110244
239,"3191,60",1,EU_PRFGS,0.001,0.03666859975110244
240,"3191,60",2,ED_PYK,0.5428207911808842,0.03669957331819264
241,"3191,60",2,ED_ALDD2y,0.001,0.03669957331819264
242,"3191,60",2,ED_PDHm,0.0010000000000001115,0.03669957331819264
243,"3191,60",3,ED_PRPPS,0.001,0.05056369934945563
244,"3191,60",3,ED_PDHm,0.001,0.05056369934945563
245,"3191,60",3,ED_PFK,0.6637054081776527,0.05056369934945563
246,"3191,60",4,ED_PYK,0.5379060691785972,0.06747464902230071
247,"3191,60",4,EU_AKGDbm,0.001,0.06747464902230071
248,"3191,60",4,EU_TAL,0.6931471805599453,0.06747464902230071
249,"3191,60",5,ED_PYK,0.538800767161884,0.06752951654894399
250,"3191,60",5,EU_TAL,0.6931471805599453,0.06752951654894399
251,"3191,60",5,EU_SUCOASm,0.001,0.06752951654894399
252,"3191,60",6,ED_PYK,0.5377860488423232,0.06745996440762629
253,"3191,60",6,EU_TAL,0.6931471805599453,0.06745996440762629
254,"3191,60",6,EU_GCC2cm,0.001,0.06745996440762629
255,"3191,60",7,ED_PYK,0.5374990110999098,0.05228132795617049
256,"3191,60",7,EU_PPND2,0.6749367773442904,0.05228132795617049
257,"3191,60",7,ED_MDH,0.001,0.05228132795617049
258,"3191,60",8,ED_PYK,0.5395884642865587,0.05248952073661445
259,"3191,60",8,EU_SUCOASm,0.00889816899008825,0.05248952073661445
260,"3191,60",8,EU_PPND2,0.6931471805599453,0.05248952073661445
261,"3191,60",9,ED_PYK,0.5414184624207156,0.06815274598783175
262,"3191,60",9,EU_TAL,0.6931471805599453,0.06815274598783175
263,"3191,60",9,ED_NADH2_u6m,0.6931471805599453,0.06815274598783175
264,"3191,60",10,ED_PYK,0.5368819887747146,0.05218752801668583
265,"3191,60",10,EU_AKGDbm,0.001,0.05218752801668583
266,"3191,60",10,EU_PPND2,0.6742217416237699,0.05218752801668583
267,"3191,60",11,ED_PYK,0.5367632084258918,0.0521696557322172
268,"3191,60",11,EU_GCC2cm,0.001,0.0521696557322172
269,"3191,60",11,EU_PPND2,0.6740833560907559,0.0521696557322172
270,"3191,60",12,ED_PYK,0.5371788620154706,0.052232197047064194
271,"3191,60",12,EU_PPND2,0.6745676150116454,0.052232197047064194
272,"3191,60",12,EU_AKGDam,0.001,0.052232197047064194
273,"3191,60",13,EU_DHQTi,0.29715387875877264,0.19926117450140274
274,"3191,60",13,EU_DHQS,0.6931471805599453,0.19926117450140274
275,"3191,60",13,EU_CHORM,0.37927298697399686,0.19926117450140274
276,"3191,60",14,ED_PRPPS,0.3637284201561615,0.1919697044149949
277,"3191,60",14,EU_ICDHxm,0.614764053537101,0.1919697044149949
278,"3191,60",14,EU_PDHm,0.21601451441253444,0.1919697044149949
279,"3191,60",15,ED_PYK,0.6841245065120062,0.18671190328370793
280,"3191,60",15,EU_DHQTi,0.24450374632156438,0.18671190328370793
281,"3191,60",15,EU_ICDHxm,0.649867778108943,0.18671190328370793
282,"3191,60",16,EU_TAL,0.6931471805599453,0.04158414058436483
283,"3191,60",16,ED_CSm,0.001,0.04158414058436483
284,"3191,60",16,ED_SUCD2_u6m,0.479707376929401,0.04158414058436483
285,"3191,60",17,EU_TAL,0.6931471805599453,0.07536410445621741
286,"3191,60",17,ED_PGM,0.001,0.07536410445621741
287,"3191,60",17,ED_PYRDC,0.6785707172338066,0.07536410445621741
288,"3191,60",18,EU_HEX1,0.001,0.0624906032209396
289,"3191,60",18,EU_TAL,0.6931471805599453,0.0624906032209396
290,"3191,60",18,EU_ASPTA,0.45784271856560294,0.0624906032209396
291,"3191,60",19,EU_TAL,0.6931471805599453,0.0625661343533588
292,"3191,60",19,EU_ASPTA,0.45843732233722745,0.0625661343533588
293,"3191,60",19,EU_r_4235,0.001,0.0625661343533588
294,"3191,60",20,EU_TAL,0.6931471805599453,0.0625467108516706
295,"3191,60",20,EU_ASPTA,0.4588102222662752,0.0625467108516706
296,"3191,60",20,EU_PGI,0.001,0.0625467108516706
297,"3191,60",21,EU_DHQS,0.6931471805599453,0.08929004542244456
298,"3191,60",21,EU_CHORM,0.27490263872063825,0.08929004542244456
299,"3191,60",21,ED_PGK,0.001,0.08929004542244456
300,"3191,60",22,EU_DHQS,0.6931471805599453,0.11003644764752023
301,"3191,60",22,EU_CHORM,0.24132577711281686,0.11003644764752023
302,"3191,60",22,ED_PPA,0.14952728004668742,0.11003644764752023
303,"3191,60",23,EU_DHQS,0.6931471805599453,0.11046798525427697
304,"3191,60",23,EU_CHORM,0.24249749010690574,0.11046798525427697
305,"3191,60",23,ED_ICDHym,0.6931471805599453,0.11046798525427697
306,"3191,60",24,EU_DHQS,0.6931471805599453,0.11290085194169035
307,"3191,60",24,EU_CHORM,0.0822987045100396,0.11290085194169035
308,"3191,60",24,EU_ICDHxm,0.40557939657795516,0.11290085194169035
309,"3191,60",25,EU_DHQS,0.6931471805599453,0.09888448044023591
310,"3191,60",25,EU_CHORM,0.24678645671502836,0.09888448044023591
311,"3191,60",25,EU_ME1m,0.6931471805599453,0.09888448044023591
312,"3191,60",26,EU_DHQS,0.6931471805599453,0.10849778226942412
313,"3191,60",26,EU_CHORM,0.24504794994226625,0.10849778226942412
314,"3191,60",26,ED_CPR,0.6931471805599453,0.10849778226942412
315,"3191,60",27,EU_DHQTi,0.228448200163064,0.1413891064268583
316,"3191,60",27,EU_DHQS,0.21446285599217718,0.1413891064268583
317,"3191,60",27,ED_PYRDC,0.5911368411271326,0.1413891064268583
318,"3191,60",28,ED_PYK,0.37934442552193726,0.13343656614845664
319,"3191,60",28,EU_DHQS,0.6931471805599453,0.13343656614845664
320,"3191,60",28,ED_PYRDC,0.5181177121641705,0.13343656614845664
321,"3191,60",29,ED_PYK,0.6089182507257004,0.0639973880898128
322,"3191,60",29,EU_PGL,0.5612621698495863,0.0639973880898128
323,"3191,60",29,EU_GLUDy,0.001,0.0639973880898128
324,"3191,60",30,ED_PYK,0.5946927831076739,0.05960514094181079
325,"3191,60",30,EU_GLUDy,0.014711683620469049,0.05960514094181079
326,"3191,60",30,EU_GND,0.6931471805599453,0.05960514094181079
327,"3191,60",31,ED_PYK,0.575416733521005,0.05314755576444713
328,"3191,60",31,EU_GLUDy,0.03072411056492199,0.05314755576444713
329,"3191,60",31,EU_G6PDH2r,0.6931471805599453,0.05314755576444713
330,"3191,60",32,EU_ASPTA,0.24381055772936217,0.07029836370685504
331,"3191,60",32,EU_GLUDy,0.2863695081735751,0.07029836370685504
332,"3191,60",32,ED_ICDHyr,0.6931471805599453,0.07029836370685504
333,"3191,60",33,ED_PYK,0.5305204791091741,0.04519901270597034
334,"3191,60",33,EU_GLUDy,0.06161937244996325,0.04519901270597034
335,"3191,60",33,ED_MDHm,0.6931471805599453,0.04519901270597034
336,"3191,60",34,EU_PPND2,0.6931471805599453,0.06144738097729985
337,"3191,60",34,ED_PYRDC,0.6931471805599453,0.06144738097729985
338,"3191,60",34,ED_PGK,0.001,0.06144738097729985
339,"3191,60",35,EU_PPND2,0.6931471805599453,0.04695148028055438
340,"3191,60",35,EU_ASPTA,0.44188023722307,0.04695148028055438
341,"3191,60",35,ED_GLNS,0.08033888343870765,0.04695148028055438
342,"3191,60",36,EU_PGL,0.6931471805599453,0.04051923985822881
343,"3191,60",36,EU_PGCD,0.044173411256098326,0.04051923985822881
344,"3191,60",36,EU_FBA3,0.6931471805599453,0.04051923985822881
345,"3191,60",37,EU_HEX1,0.001,0.012735506407924469
346,"3191,60",37,ED_PGK,0.001,0.012735506407924469
347,"3191,60",37,EU_FBA3,0.6931471805599453,0.012735506407924469
348,"3191,60",38,EU_GLUDy,0.19139487808533237,0.06125329332153222
349,"3191,60",38,ED_ICDHyr,0.6931471805599453,0.06125329332153222
350,"3191,60",38,EU_FBA3,0.6931471805599453,0.06125329332153222
351,"3191,61",0,EU_HEX1,0.14426778806490934,0.203713592518842
352,"3191,61",0,ED_PRPPS,0.4041378821671662,0.203713592518842
353,"3191,61",0,ED_PYK,0.6931471805599453,0.203713592518842
354,"3191,61",1,EU_HEX1,0.3246137862758647,0.23247872801646863
355,"3191,61",1,ED_PYK,0.6931471805599453,0.23247872801646863
356,"3191,61",1,EU_PRFGS,0.045578913723885575,0.23247872801646863
357,"3191,61",2,ED_PYK,0.30976332243240223,0.1143089265508655
358,"3191,61",2,ED_ALDD2y,0.4305523288756973,0.1143089265508655
359,"3191,61",2,ED_PDHm,0.2113323267165831,0.1143089265508655
360,"3191,61",3,ED_PRPPS,0.05127902425979916,0.07032757960330766
361,"3191,61",3,ED_PDHm,0.24622909581120428,0.07032757960330766
362,"3191,61",3,ED_PFK,0.001,0.07032757960330766
363,"3191,61",4,ED_PYK,0.24069956768701473,0.10375143097026988
364,"3191,61",4,EU_AKGDbm,0.001,0.10375143097026988
365,"3191,61",4,EU_TAL,0.5714104452041149,0.10375143097026988
366,"3191,61",5,ED_PYK,0.24048019847618643,0.10322934932446647
367,"3191,61",5,EU_TAL,0.5713053542412148,0.10322934932446647
368,"3191,61",5,EU_SUCOASm,0.001,0.10322934932446647
369,"3191,61",6,ED_PYK,0.24033221865384735,0.10380796930603972
370,"3191,61",6,EU_TAL,0.5724279397361322,0.10380796930603972
371,"3191,61",6,EU_GCC2cm,0.001,0.10380796930603972
372,"3191,61",7,ED_PYK,0.47871700910661996,0.07996949388361613
373,"3191,61",7,EU_PPND2,0.6931471805599453,0.07996949388361613
374,"3191,61",7,ED_MDH,0.4100730880277493,0.07996949388361613
375,"3191,61",8,ED_PYK,0.3782974549413964,0.059638663360921634
376,"3191,61",8,EU_SUCOASm,0.001,0.059638663360921634
377,"3191,61",8,EU_PPND2,0.6931471805599453,0.059638663360921634
378,"3191,61",9,ED_PYK,0.2400488650170909,0.10367577825612985
379,"3191,61",9,EU_TAL,0.5731043596659876,0.10367577825612985
380,"3191,61",9,ED_NADH2_u6m,0.001,0.10367577825612985
381,"3191,61",10,ED_PYK,0.4102973477412528,0.06968508244765999
382,"3191,61",10,EU_AKGDbm,0.10102308798333279,0.06968508244765999
383,"3191,61",10,EU_PPND2,0.6931471805599453,0.06968508244765999
384,"3191,61",11,ED_PYK,0.4102973477409217,0.0696850824476395
385,"3191,61",11,EU_GCC2cm,0.16708781194253342,0.0696850824476395
386,"3191,61",11,EU_PPND2,0.6931471805599453,0.0696850824476395
387,"3191,61",12,ED_PYK,0.4102973477409151,0.06968508244761559
388,"3191,61",12,EU_PPND2,0.6931471805599453,0.06968508244761559
389,"3191,61",12,EU_AKGDam,0.11055096971423192,0.06968508244761559
390,"3191,61",13,EU_DHQTi,0.6931471805599453,0.06708531086668748
391,"3191,61",13,EU_DHQS,0.2121145456349666,0.06708531086668748
392,"3191,61",13,EU_CHORM,0.5377908838490024,0.06708531086668748
393,"3191,61",14,ED_PRPPS,0.34942452405966756,0.03051950769875536
394,"3191,61",14,EU_ICDHxm,0.14125962120812763,0.03051950769875536
395,"3191,61",14,EU_PDHm,0.001,0.03051950769875536
396,"3191,61",15,ED_PYK,0.6931471805599453,0.11609066683419236
397,"3191,61",15,EU_DHQTi,0.6931471805599453,0.11609066683419236
398,"3191,61",15,EU_ICDHxm,0.23258465401519876,0.11609066683419236
399,"3191,61",16,EU_TAL,0.6931471805599453,0.30265916383421726
400,"3191,61",16,ED_CSm,0.07674014214871416,0.30265916383421726
401,"3191,61",16,ED_SUCD2_u6m,0.6931471805599453,0.30265916383421726
402,"3191,61",17,EU_TAL,0.6931471805599453,0.2858816647099859
403,"3191,61",17,ED_PGM,0.3801900678171119,0.2858816647099859
404,"3191,61",17,ED_PYRDC,0.6931471805599453,0.2858816647099859
405,"3191,61",18,EU_HEX1,0.13614737803791394,0.23545405319716056
406,"3191,61",18,EU_TAL,0.6931471805599453,0.23545405319716056
407,"3191,61",18,EU_ASPTA,0.2798136467865548,0.23545405319716056
408,"3191,61",19,EU_TAL,0.6931471805599453,0.23545405319716056
409,"3191,61",19,EU_ASPTA,0.2798136467865548,0.23545405319716056
410,"3191,61",19,EU_r_4235,0.6718070517961728,0.23545405319716056
411,"3191,61",20,EU_TAL,0.6931471805599453,0.23930520089540624
412,"3191,61",20,EU_ASPTA,0.37663552480666224,0.23930520089540624
413,"3191,61",20,EU_PGI,0.6931471805599453,0.23930520089540624
414,"3191,61",21,EU_DHQS,0.6931471805599472,0.04458958138441469
415,"3191,61",21,EU_CHORM,0.5050583220263513,0.04458958138441469
416,"3191,61",21,ED_PGK,0.001,0.04458958138441469
417,"3191,61",22,EU_DHQS,0.6931471805599453,0.04438755048894281
418,"3191,61",22,EU_CHORM,0.5047441835125929,0.04438755048894281
419,"3191,61",22,ED_PPA,0.001,0.04438755048894281
420,"3191,61",23,EU_DHQS,0.6931471805599453,0.04437018960508567
421,"3191,61",23,EU_CHORM,0.5047137306918,0.04437018960508567
422,"3191,61",23,ED_ICDHym,0.001,0.04437018960508567
423,"3191,61",24,EU_DHQS,0.6931471805599453,0.04457959967211583
424,"3191,61",24,EU_CHORM,0.5050233827427479,0.04457959967211583
425,"3191,61",24,EU_ICDHxm,0.001,0.04457959967211583
426,"3191,61",25,EU_DHQS,0.6931471805599453,0.04455232109774237
427,"3191,61",25,EU_CHORM,0.5049985606386695,0.04455232109774237
428,"3191,61",25,EU_ME1m,0.001,0.04455232109774237
429,"3191,61",26,EU_DHQS,0.6931471805599453,0.044597291407516115
430,"3191,61",26,EU_CHORM,0.5050525856893293,0.044597291407516115
431,"3191,61",26,ED_CPR,0.001,0.044597291407516115
432,"3191,61",27,EU_DHQTi,0.6931471805599453,0.17845344748160985
433,"3191,61",27,EU_DHQS,0.6931471805599453,0.17845344748160985
434,"3191,61",27,ED_PYRDC,0.5307122892794364,0.17845344748160985
435,"3191,61",28,ED_PYK,0.4514365555341773,0.18675146677767285
436,"3191,61",28,EU_DHQS,0.001000000000000334,0.18675146677767285
437,"3191,61",28,ED_PYRDC,0.5502813964195121,0.18675146677767285
438,"3191,61",29,ED_PYK,0.6931471805599453,0.10140956718646517
439,"3191,61",29,EU_PGL,0.6931471805599453,0.10140956718646517
440,"3191,61",29,EU_GLUDy,0.1486088741927958,0.10140956718646517
441,"3191,61",30,ED_PYK,0.6931471805599453,0.1227645344918249
442,"3191,61",30,EU_GLUDy,0.11136882557808654,0.1227645344918249
443,"3191,61",30,EU_GND,0.5384450960614233,0.1227645344918249
444,"3191,61",31,ED_PYK,0.6931471805599453,0.10116087546735235
445,"3191,61",31,EU_GLUDy,0.14983822472298503,0.10116087546735235
446,"3191,61",31,EU_G6PDH2r,0.6931471805599453,0.10116087546735235
447,"3191,61",32,EU_ASPTA,0.4009121313367833,0.15397784576750856
448,"3191,61",32,EU_GLUDy,0.372452399205731,0.15397784576750856
449,"3191,61",32,ED_ICDHyr,0.6931471805599453,0.15397784576750856
450,"3191,61",33,ED_PYK,0.6931471805599453,0.09946715287896518
451,"3191,61",33,EU_GLUDy,0.12140002651436327,0.09946715287896518
452,"3191,61",33,ED_MDHm,0.6931471805599453,0.09946715287896518
453,"3191,61",34,EU_PPND2,0.6931471805599453,0.16440885808933564
454,"3191,61",34,ED_PYRDC,0.6796650854343249,0.16440885808933564
455,"3191,61",34,ED_PGK,0.001,0.16440885808933564
456,"3191,61",35,EU_PPND2,0.6931471805599453,0.0717148917418374
457,"3191,61",35,EU_ASPTA,0.1358572267615036,0.0717148917418374
458,"3191,61",35,ED_GLNS,0.05981288620614773,0.0717148917418374
459,"3191,61",36,EU_PGL,0.6931471805599453,0.06596603121175854
460,"3191,61",36,EU_PGCD,0.27284739872679564,0.06596603121175854
461,"3191,61",36,EU_FBA3,0.6931471805599453,0.06596603121175854
462,"3191,61",37,EU_HEX1,0.09525377028553271,0.043120070615019726
463,"3191,61",37,ED_PGK,0.001,0.043120070615019726
464,"3191,61",37,EU_FBA3,0.001,0.043120070615019726
465,"3191,61",38,EU_GLUDy,0.010038936830382953,0.06149096930170203
466,"3191,61",38,ED_ICDHyr,0.6931471805599453,0.06149096930170203
467,"3191,61",38,EU_FBA3,0.6931471805599453,0.06149096930170203
468,"3191,95",0,EU_HEX1,0.03623906428053297,0.04792217542708864
469,"3191,95",0,ED_PRPPS,0.08744111328737265,0.04792217542708864
470,"3191,95",0,ED_PYK,0.1613915192347667,0.04792217542708864
471,"3191,95",1,EU_HEX1,0.020799104931485925,0.029193762657410183
472,"3191,95",1,ED_PYK,0.09927191248458128,0.029193762657410183
473,"3191,95",1,EU_PRFGS,0.001,0.029193762657410183
474,"3191,95",2,ED_PYK,0.09091363952349685,0.04547975272112563
475,"3191,95",2,ED_ALDD2y,0.6524295271655629,0.04547975272112563
476,"3191,95",2,ED_PDHm,0.10706304015385336,0.04547975272112563
477,"3191,95",3,ED_PRPPS,0.06881179109971859,0.020324356446906493
478,"3191,95",3,ED_PDHm,0.12710907798710236,0.020324356446906493
479,"3191,95",3,ED_PFK,0.062044203438982384,0.020324356446906493
480,"3191,95",4,ED_PYK,0.01230980903781101,0.06281801090393131
481,"3191,95",4,EU_AKGDbm,0.13286581142738615,0.06281801090393131
482,"3191,95",4,EU_TAL,0.20423886080812312,0.06281801090393131
483,"3191,95",5,ED_PYK,0.07807625387983415,0.02240187760450734
484,"3191,95",5,EU_TAL,0.001,0.02240187760450734
485,"3191,95",5,EU_SUCOASm,0.001,0.02240187760450734
486,"3191,95",6,ED_PYK,0.01230980903621759,0.06281801090323894
487,"3191,95",6,EU_TAL,0.20423886080689158,0.06281801090323894
488,"3191,95",6,EU_GCC2cm,0.24007995105354496,0.06281801090323894
489,"3191,95",7,ED_PYK,0.0863381518727604,0.024535009678936872
490,"3191,95",7,EU_PPND2,0.0010000000000000382,0.024535009678936872
491,"3191,95",7,ED_MDH,0.001,0.024535009678936872
492,"3191,95",8,ED_PYK,0.07879048882130323,0.022400305485140454
493,"3191,95",8,EU_SUCOASm,0.001,0.022400305485140454
494,"3191,95",8,EU_PPND2,0.001,0.022400305485140454
495,"3191,95",9,ED_PYK,0.08534983545109966,0.02443085868506424
496,"3191,95",9,EU_TAL,0.001,0.02443085868506424
497,"3191,95",9,ED_NADH2_u6m,0.001,0.02443085868506424
498,"3191,95",10,ED_PYK,0.09351043936111507,0.048722994805281666
499,"3191,95",10,EU_AKGDbm,0.11101048759459395,0.048722994805281666
500,"3191,95",10,EU_PPND2,0.4482432242378894,0.048722994805281666
501,"3191,95",11,ED_PYK,0.09351043935979271,0.04872299480480712
502,"3191,95",11,EU_GCC2cm,0.20058879061376592,0.04872299480480712
503,"3191,95",11,EU_PPND2,0.448243224232883,0.04872299480480712
504,"3191,95",12,ED_PYK,0.09351043934494348,0.04872299479898608
505,"3191,95",12,EU_PPND2,0.44824322416830314,0.04872299479898608
506,"3191,95",12,EU_AKGDam,0.3875972987020523,0.04872299479898608
507,"3191,95",13,EU_DHQTi,0.6209301636997793,0.04075518391444587
508,"3191,95",13,EU_DHQS,0.001,0.04075518391444587
509,"3191,95",13,EU_CHORM,0.05852339415455865,0.04075518391444587
510,"3191,95",14,ED_PRPPS,0.001,0.00644256282758301
511,"3191,95",14,EU_ICDHxm,0.1171889994067361,0.00644256282758301
512,"3191,95",14,EU_PDHm,0.001,0.00644256282758301
513,"3191,95",15,ED_PYK,0.001,0.03522674785380724
514,"3191,95",15,EU_DHQTi,0.5951555837417652,0.03522674785380724
515,"3191,95",15,EU_ICDHxm,0.02093776932863316,0.03522674785380724
516,"3191,95",16,EU_TAL,0.1194757869576817,0.03321233272522748
517,"3191,95",16,ED_CSm,0.09046396209912398,0.03321233272522748
518,"3191,95",16,ED_SUCD2_u6m,0.001,0.03321233272522748
519,"3191,95",17,EU_TAL,0.22425143150730814,0.10773008573104965
520,"3191,95",17,ED_PGM,0.6225711252689922,0.10773008573104965
521,"3191,95",17,ED_PYRDC,0.28117836085388465,0.10773008573104965
522,"3191,95",18,EU_HEX1,0.06481737760287255,0.22410024396654113
523,"3191,95",18,EU_TAL,0.44312303964468885,0.22410024396654113
524,"3191,95",18,EU_ASPTA,0.3009937996941124,0.22410024396654113
525,"3191,95",19,EU_TAL,0.4431230396446884,0.22410024396654057
526,"3191,95",19,EU_ASPTA,0.30099379969411105,0.22410024396654057
527,"3191,95",19,EU_r_4235,0.3198355486539024,0.22410024396654057
528,"3191,95",20,EU_TAL,0.4063881169706168,0.20380404124715434
529,"3191,95",20,EU_ASPTA,0.3143287657976633,0.20380404124715434
530,"3191,95",20,EU_PGI,0.45299763436676427,0.20380404124715434
531,"3191,95",21,EU_DHQS,0.37503934554938667,0.04046078778038797
532,"3191,95",21,EU_CHORM,0.05807681218571322,0.04046078778038797
533,"3191,95",21,ED_PGK,0.001,0.04046078778038797
534,"3191,95",22,EU_DHQS,0.3851681980200541,0.0489761759134163
535,"3191,95",22,EU_CHORM,0.11796005004384674,0.0489761759134163
536,"3191,95",22,ED_PPA,0.09734934754727284,0.0489761759134163
537,"3191,95",23,EU_DHQS,0.3785868181523736,0.04073656172933119
538,"3191,95",23,EU_CHORM,0.05833428486981723,0.04073656172933119
539,"3191,95",23,ED_ICDHym,0.001,0.04073656172933119
540,"3191,95",24,EU_DHQS,0.37789639895392424,0.040499990820354215
541,"3191,95",24,EU_CHORM,0.05576465729270391,0.040499990820354215
542,"3191,95",24,EU_ICDHxm,0.001,0.040499990820354215
543,"3191,95",25,EU_DHQS,0.37730812728128515,0.040330127715783246
544,"3191,95",25,EU_CHORM,0.055073198852286454,0.040330127715783246
545,"3191,95",25,EU_ME1m,0.001,0.040330127715783246
546,"3191,95",26,EU_DHQS,0.37860449921719497,0.04074967261950717
547,"3191,95",26,EU_CHORM,0.05844082318570759,0.04074967261950717
548,"3191,95",26,ED_CPR,0.001,0.04074967261950717
549,"3191,95",27,EU_DHQTi,0.6931471805599453,0.05545940333811507
550,"3191,95",27,EU_DHQS,0.15759854634462023,0.05545940333811507
551,"3191,95",27,ED_PYRDC,0.08220746361678671,0.05545940333811507
552,"3191,95",28,ED_PYK,0.001,0.05538197933928664
553,"3191,95",28,EU_DHQS,0.5751078033466409,0.05538197933928664
554,"3191,95",28,ED_PYRDC,0.0823051535701845,0.05538197933928664
555,"3191,95",29,ED_PYK,0.2506132492072464,0.05322651809400131
556,"3191,95",29,EU_PGL,0.03244808507280415,0.05322651809400131
557,"3191,95",29,EU_GLUDy,0.1364092293279665,0.05322651809400131
558,"3191,95",30,ED_PYK,0.3089672822330597,0.04541731487928631
559,"3191,95",30,EU_GLUDy,0.2770230060976984,0.04541731487928631
560,"3191,95",30,EU_GND,0.001,0.04541731487928631
561,"3191,95",31,ED_PYK,0.25061324928419165,0.05322651810776091
562,"3191,95",31,EU_GLUDy,0.13640922939328715,0.05322651810776091
563,"3191,95",31,EU_G6PDH2r,0.12774210771773695,0.05322651810776091
564,"3191,95",32,EU_ASPTA,0.21743394598171756,0.049745436934093695
565,"3191,95",32,EU_GLUDy,0.25970862391308863,0.049745436934093695
566,"3191,95",32,ED_ICDHyr,0.04685537783593344,0.049745436934093695
567,"3191,95",33,ED_PYK,0.2984697129640357,0.04584520581275728
568,"3191,95",33,EU_GLUDy,0.36890326979790594,0.04584520581275728
569,"3191,95",33,ED_MDHm,0.19276396420606504,0.04584520581275728
570,"3191,95",34,EU_PPND2,0.6931471805599453,0.055275619019028485
571,"3191,95",34,ED_PYRDC,0.23931811239369244,0.055275619019028485
572,"3191,95",34,ED_PGK,0.471735815816685,0.055275619019028485
573,"3191,95",35,EU_PPND2,0.6931471805599453,0.06595118203820435
574,"3191,95",35,EU_ASPTA,0.09997099919854464,0.06595118203820435
575,"3191,95",35,ED_GLNS,0.06676270614806143,0.06595118203820435
576,"3191,95",36,EU_PGL,0.03439004164582812,0.0299818542557402
577,"3191,95",36,EU_PGCD,0.3454768128384693,0.0299818542557402
578,"3191,95",36,EU_FBA3,0.6931471805599453,0.0299818542557402
579,"3191,95",37,EU_HEX1,0.01766376439967873,0.010227360224297963
580,"3191,95",37,ED_PGK,0.15982931860696126,0.010227360224297963
581,"3191,95",37,EU_FBA3,0.6931471805599453,0.010227360224297963
582,"3191,95",38,EU_GLUDy,0.001,0.005730907526642604
583,"3191,95",38,ED_ICDHyr,0.07467711662090329,0.005730907526642604
584,"3191,95",38,EU_FBA3,0.001,0.005730907526642604
585,"3191,99",0,EU_HEX1,0.001,0.05214286316249019
586,"3191,99",0,ED_PRPPS,0.5671933691465942,0.05214286316249019
587,"3191,99",0,ED_PYK,0.41828003299894073,0.05214286316249019
588,"3191,99",1,EU_HEX1,0.3525820403249158,0.09412146574078398
589,"3191,99",1,ED_PYK,0.6931471805599453,0.09412146574078398
590,"3191,99",1,EU_PRFGS,0.2518774367619187,0.09412146574078398
591,"3191,99",2,ED_PYK,0.6931471805599453,0.1073653433420753
592,"3191,99",2,ED_ALDD2y,0.5843833641166641,0.1073653433420753
593,"3191,99",2,ED_PDHm,0.16320030672065963,0.1073653433420753
594,"3191,99",3,ED_PRPPS,0.001,0.015514730210402937
595,"3191,99",3,ED_PDHm,0.001,0.015514730210402937
596,"3191,99",3,ED_PFK,0.19250404702960547,0.015514730210402937
597,"3191,99",4,ED_PYK,0.6931471805599453,0.1356377997310756
598,"3191,99",4,EU_AKGDbm,0.18904463257171886,0.1356377997310756
599,"3191,99",4,EU_TAL,0.6931471805599453,0.1356377997310756
600,"3191,99",5,ED_PYK,0.6931471805599453,0.13115462514279058
601,"3191,99",5,EU_TAL,0.6931471805599453,0.13115462514279058
602,"3191,99",5,EU_SUCOASm,0.6931471805599453,0.13115462514279058
603,"3191,99",6,ED_PYK,0.6931471805599453,0.13563779973131995
604,"3191,99",6,EU_TAL,0.6931471805599453,0.13563779973131995
605,"3191,99",6,EU_GCC2cm,0.35671725510847385,0.13563779973131995
606,"3191,99",7,ED_PYK,0.6931471805599453,0.12346761426847816
607,"3191,99",7,EU_PPND2,0.69164449243431,0.12346761426847816
608,"3191,99",7,ED_MDH,0.6931471805599453,0.12346761426847816
609,"3191,99",8,ED_PYK,0.6931471805599453,0.1136064085712484
610,"3191,99",8,EU_SUCOASm,0.0719982979180775,0.1136064085712484
611,"3191,99",8,EU_PPND2,0.6931471805599453,0.1136064085712484
612,"3191,99",9,ED_PYK,0.6931471805599453,0.1291520811396283
613,"3191,99",9,EU_TAL,0.6931471805599453,0.1291520811396283
614,"3191,99",9,ED_NADH2_u6m,0.33203826332966846,0.1291520811396283
615,"3191,99",10,ED_PYK,0.6931471805599453,0.12426337530516039
616,"3191,99",10,EU_AKGDbm,0.19983460766141897,0.12426337530516039
617,"3191,99",10,EU_PPND2,0.6931471805599453,0.12426337530516039
618,"3191,99",11,ED_PYK,0.6931471805599453,0.12426337530518405
619,"3191,99",11,EU_GCC2cm,0.3770773692404985,0.12426337530518405
620,"3191,99",11,EU_PPND2,0.6931471805599453,0.12426337530518405
621,"3191,99",12,ED_PYK,0.6931471805599453,0.12426337530507821
622,"3191,99",12,EU_PPND2,0.6931471805599453,0.12426337530507821
623,"3191,99",12,EU_AKGDam,0.4958728828042232,0.12426337530507821
624,"3191,99",13,EU_DHQTi,0.6931471805599453,0.1540732440365896
625,"3191,99",13,EU_DHQS,0.12123671984584132,0.1540732440365896
626,"3191,99",13,EU_CHORM,0.10479222953410797,0.1540732440365896
627,"3191,99",14,ED_PRPPS,0.001,0.019864262518764636
628,"3191,99",14,EU_ICDHxm,0.17876624836787214,0.019864262518764636
629,"3191,99",14,EU_PDHm,0.001,0.019864262518764636
630,"3191,99",15,ED_PYK,0.6056484611448711,0.1282383175889117
631,"3191,99",15,EU_DHQTi,0.16051431826224077,0.1282383175889117
632,"3191,99",15,EU_ICDHxm,0.1883222004302554,0.1282383175889117
633,"3191,99",16,EU_TAL,0.6931471805599453,0.03451578812287508
634,"3191,99",16,ED_CSm,0.547860100920658,0.03451578812287508
635,"3191,99",16,ED_SUCD2_u6m,0.001,0.03451578812287508
636,"3191,99",17,EU_TAL,0.6931471805599453,0.07871055129745483
637,"3191,99",17,ED_PGM,0.6931471805599453,0.07871055129745483
638,"3191,99",17,ED_PYRDC,0.32137735969524117,0.07871055129745483
639,"3191,99",18,EU_HEX1,0.11373294783626699,0.04013093030391572
640,"3191,99",18,EU_TAL,0.6931471805599453,0.04013093030391572
641,"3191,99",18,EU_ASPTA,0.13335391453946596,0.04013093030391572
642,"3191,99",19,EU_TAL,0.6931471805599453,0.04013093030391573
643,"3191,99",19,EU_ASPTA,0.13335391453946602,0.04013093030391573
644,"3191,99",19,EU_r_4235,0.5612050520480316,0.04013093030391573
645,"3191,99",20,EU_TAL,0.5382602865950766,0.02654975986926726
646,"3191,99",20,EU_ASPTA,0.08233464133441443,0.02654975986926726
647,"3191,99",20,EU_PGI,0.001,0.02654975986926726
648,"3191,99",21,EU_DHQS,0.6931471805599453,0.31109227981438775
649,"3191,99",21,EU_CHORM,0.6462736868200167,0.31109227981438775
650,"3191,99",21,ED_PGK,0.4515018579850183,0.31109227981438775
651,"3191,99",22,EU_DHQS,0.6931471805599453,0.3023568490893117
652,"3191,99",22,EU_CHORM,0.47835347464079403,0.3023568490893117
653,"3191,99",22,ED_PPA,0.18730947209261103,0.3023568490893117
654,"3191,99",23,EU_DHQS,0.6931471805599453,0.30020423147387393
655,"3191,99",23,EU_CHORM,0.5398231287769201,0.30020423147387393
656,"3191,99",23,ED_ICDHym,0.5479593529382593,0.30020423147387393
657,"3191,99",24,EU_DHQS,0.6931471805599453,0.2993128926485768
658,"3191,99",24,EU_CHORM,0.28419506200749,0.2993128926485768
659,"3191,99",24,EU_ICDHxm,0.30291051745294517,0.2993128926485768
660,"3191,99",25,EU_DHQS,0.6931471805599453,0.29755899257946017
661,"3191,99",25,EU_CHORM,0.4792250177369284,0.29755899257946017
662,"3191,99",25,EU_ME1m,0.6931471805599453,0.29755899257946017
663,"3191,99",26,EU_DHQS,0.6931471805599453,0.29483958303823005
664,"3191,99",26,EU_CHORM,0.5690867184545378,0.29483958303823005
665,"3191,99",26,ED_CPR,0.6931471805599453,0.29483958303823005
666,"3191,99",27,EU_DHQTi,0.6158652041357914,0.09533650695786619
667,"3191,99",27,EU_DHQS,0.001,0.09533650695786619
668,"3191,99",27,ED_PYRDC,0.11588153516487279,0.09533650695786619
669,"3191,99",28,ED_PYK,0.08784807710155358,0.09821598364311562
670,"3191,99",28,EU_DHQS,0.23036880401275306,0.09821598364311562
671,"3191,99",28,ED_PYRDC,0.1359952740484376,0.09821598364311562
672,"3191,99",29,ED_PYK,0.6931471805599453,0.12306115887347159
673,"3191,99",29,EU_PGL,0.09926283446659578,0.12306115887347159
674,"3191,99",29,EU_GLUDy,0.22727458153982774,0.12306115887347159
675,"3191,99",30,ED_PYK,0.6931471805599453,0.1058928298648854
676,"3191,99",30,EU_GLUDy,0.08859652477101712,0.1058928298648854
677,"3191,99",30,EU_GND,0.361202061479329,0.1058928298648854
678,"3191,99",31,ED_PYK,0.6931471805599453,0.11591252549051839
679,"3191,99",31,EU_GLUDy,0.19460879031770054,0.11591252549051839
680,"3191,99",31,EU_G6PDH2r,0.6931471805599453,0.11591252549051839
681,"3191,99",32,EU_ASPTA,0.17547384803340088,0.030859800474456363
682,"3191,99",32,EU_GLUDy,0.1902415594317686,0.030859800474456363
683,"3191,99",32,ED_ICDHyr,0.6931471805599453,0.030859800474456363
684,"3191,99",33,ED_PYK,0.6931471805599453,0.12258957473430375
685,"3191,99",33,EU_GLUDy,0.11260531350335112,0.12258957473430375
686,"3191,99",33,ED_MDHm,0.6931471805599453,0.12258957473430375
687,"3191,99",34,EU_PPND2,0.6931471805599453,0.0746002994902594
688,"3191,99",34,ED_PYRDC,0.6338277380508633,0.0746002994902594
689,"3191,99",34,ED_PGK,0.6931471805599453,0.0746002994902594
690,"3191,99",35,EU_PPND2,0.001,0.021739128815004265
691,"3191,99",35,EU_ASPTA,0.001,0.021739128815004265
692,"3191,99",35,ED_GLNS,0.5034715231167688,0.021739128815004265
693,"3191,99",36,EU_PGL,0.09648691884807956,0.03167806359004956
694,"3191,99",36,EU_PGCD,0.6931471805599453,0.03167806359004956
695,"3191,99",36,EU_FBA3,0.6931471805599453,0.03167806359004956
696,"3191,99",37,EU_HEX1,0.000999999999999987,0.041108196915163264
697,"3191,99",37,ED_PGK,0.4290233675331606,0.041108196915163264
698,"3191,99",37,EU_FBA3,0.6931471805599453,0.041108196915163264
699,"3191,99",38,EU_GLUDy,0.24148797820968776,0.03455934692488592
700,"3191,99",38,ED_ICDHyr,0.6931471805599453,0.03455934692488592
701,"3191,99",38,EU_FBA3,0.6931471805599453,0.03455934692488592
702,"3191,104",0,EU_HEX1,0.02304491740583464,0.07998651954073434
703,"3191,104",0,ED_PRPPS,0.49583116676599887,0.07998651954073434
704,"3191,104",0,ED_PYK,0.63060049711707,0.07998651954073434
705,"3191,104",1,EU_HEX1,0.054908127751717724,0.08538108853052363
706,"3191,104",1,ED_PYK,0.6931471805599453,0.08538108853052363
707,"3191,104",1,EU_PRFGS,0.0072999388553763225,0.08538108853052363
708,"3191,104",2,ED_PYK,0.4141830854572796,0.0511427617273029
709,"3191,104",2,ED_ALDD2y,0.01426399733748003,0.0511427617273029
710,"3191,104",2,ED_PDHm,0.001,0.0511427617273029
711,"3191,104",3,ED_PRPPS,0.1106164800795922,0.030940715039614288
712,"3191,104",3,ED_PDHm,0.001,0.030940715039614288
713,"3191,104",3,ED_PFK,0.21597822967333122,0.030940715039614288
714,"3191,104",4,ED_PYK,0.39134276900144926,0.07796792580640691
715,"3191,104",4,EU_AKGDbm,0.001,0.07796792580640691
716,"3191,104",4,EU_TAL,0.6931471805599453,0.07796792580640691
717,"3191,104",5,ED_PYK,0.3930825675911031,0.0778365197445656
718,"3191,104",5,EU_TAL,0.6931471805599453,0.0778365197445656
719,"3191,104",5,EU_SUCOASm,0.001,0.0778365197445656
720,"3191,104",6,ED_PYK,0.3907405805976481,0.07793545545252323
721,"3191,104",6,EU_TAL,0.6931471805599453,0.07793545545252323
722,"3191,104",6,EU_GCC2cm,0.001,0.07793545545252323
723,"3191,104",7,ED_PYK,0.474013196582343,0.0874766617760911
724,"3191,104",7,EU_PPND2,0.2566350335915162,0.0874766617760911
725,"3191,104",7,ED_MDH,0.001,0.0874766617760911
726,"3191,104",8,ED_PYK,0.4732524601315238,0.0871793854469207
727,"3191,104",8,EU_SUCOASm,0.001,0.0871793854469207
728,"3191,104",8,EU_PPND2,0.25644229932099205,0.0871793854469207
729,"3191,104",9,ED_PYK,0.39367496678967445,0.0780451590195009
730,"3191,104",9,EU_TAL,0.6931471805599453,0.0780451590195009
731,"3191,104",9,ED_NADH2_u6m,0.001,0.0780451590195009
732,"3191,104",10,ED_PYK,0.47149971835064675,0.08730038791144532
733,"3191,104",10,EU_AKGDbm,0.001,0.08730038791144532
734,"3191,104",10,EU_PPND2,0.2563657263542414,0.08730038791144532
735,"3191,104",11,ED_PYK,0.4708871598739654,0.08725958220495433
736,"3191,104",11,EU_GCC2cm,0.001,0.08725958220495433
737,"3191,104",11,EU_PPND2,0.2563043761636333,0.08725958220495433
738,"3191,104",12,ED_PYK,0.4722649117848377,0.08735136142640859
739,"3191,104",12,EU_PPND2,0.2564423635485096,0.08735136142640859
740,"3191,104",12,EU_AKGDam,0.001,0.08735136142640859
741,"3191,104",13,EU_DHQTi,0.3303456378736445,0.07695863057078633
742,"3191,104",13,EU_DHQS,0.001,0.07695863057078633
743,"3191,104",13,EU_CHORM,0.5002230348365363,0.07695863057078633
744,"3191,104",14,ED_PRPPS,0.3979237264476674,-0.00028481892978673984
745,"3191,104",14,EU_ICDHxm,0.001,-0.00028481892978673984
746,"3191,104",14,EU_PDHm,0.001,-0.00028481892978673984
747,"3191,104",15,ED_PYK,0.001,0.08986052069146194
748,"3191,104",15,EU_DHQTi,0.6446904333674736,0.08986052069146194
749,"3191,104",15,EU_ICDHxm,0.03467697094765788,0.08986052069146194
750,"3191,104",16,EU_TAL,0.6931471805599453,0.04933205370885007
751,"3191,104",16,ED_CSm,0.13857606962653757,0.04933205370885007
752,"3191,104",16,ED_SUCD2_u6m,0.001,0.04933205370885007
753,"3191,104",17,EU_TAL,0.6931471805599453,0.05984137500172403
754,"3191,104",17,ED_PGM,0.09136366556043199,0.05984137500172403
755,"3191,104",17,ED_PYRDC,0.1076361873903352,0.05984137500172403
756,"3191,104",18,EU_HEX1,0.001,0.053991311294392386
757,"3191,104",18,EU_TAL,0.6931471805599453,0.053991311294392386
758,"3191,104",18,EU_ASPTA,0.1325335539886134,0.053991311294392386
759,"3191,104",19,EU_TAL,0.6931471805599453,0.054117854985217706
760,"3191,104",19,EU_ASPTA,0.13377406801510697,0.054117854985217706
761,"3191,104",19,EU_r_4235,0.0009999999999999799,0.054117854985217706
762,"3191,104",20,EU_TAL,0.6931471805599453,0.05652052358638124
763,"3191,104",20,EU_ASPTA,0.20726838385986668,0.05652052358638124
764,"3191,104",20,EU_PGI,0.16554867467490386,0.05652052358638124
765,"3191,104",21,EU_DHQS,0.17522835032407974,0.0772554973890236
766,"3191,104",21,EU_CHORM,0.6931471805599453,0.0772554973890236
767,"3191,104",21,ED_PGK,0.04455108525170811,0.0772554973890236
768,"3191,104",22,EU_DHQS,0.6253579643942884,0.13799353847734705
769,"3191,104",22,EU_CHORM,0.6931471805599453,0.13799353847734705
770,"3191,104",22,ED_PPA,0.04722667589682488,0.13799353847734705
771,"3191,104",23,EU_DHQS,0.6716623519251809,0.14272564323627304
772,"3191,104",23,EU_CHORM,0.6931471805599453,0.14272564323627304
773,"3191,104",23,ED_ICDHym,0.1067765998051276,0.14272564323627304
774,"3191,104",24,EU_DHQS,0.6931471805599453,0.1476795265601902
775,"3191,104",24,EU_CHORM,0.6931471805599453,0.1476795265601902
776,"3191,104",24,EU_ICDHxm,0.08243142691587231,0.1476795265601902
777,"3191,104",25,EU_DHQS,0.6403396022706233,0.13484730256596755
778,"3191,104",25,EU_CHORM,0.6106306796775255,0.13484730256596755
779,"3191,104",25,EU_ME1m,0.3437106826138171,0.13484730256596755
780,"3191,104",26,EU_DHQS,0.5867987580796233,0.13068331299899327
781,"3191,104",26,EU_CHORM,0.6931471805599453,0.13068331299899327
782,"3191,104",26,ED_CPR,0.27420062783877575,0.13068331299899327
783,"3191,104",27,EU_DHQTi,0.6931471805599453,0.19995368962414278
784,"3191,104",27,EU_DHQS,0.6931471805599453,0.19995368962414278
785,"3191,104",27,ED_PYRDC,0.5183336508133675,0.19995368962414278
786,"3191,104",28,ED_PYK,0.4937486951864613,0.16357679109687678
787,"3191,104",28,EU_DHQS,0.6931471805599453,0.16357679109687678
788,"3191,104",28,ED_PYRDC,0.513082740155346,0.16357679109687678
789,"3191,104",29,ED_PYK,0.6931471805599453,0.06878268701123776
790,"3191,104",29,EU_PGL,0.011547559651454407,0.06878268701123776
791,"3191,104",29,EU_GLUDy,0.07799945847862626,0.06878268701123776
792,"3191,104",30,ED_PYK,0.6931471805599453,0.06890076940211814
793,"3191,104",30,EU_GLUDy,0.07708376703306276,0.06890076940211814
794,"3191,104",30,EU_GND,0.00728042273252935,0.06890076940211814
795,"3191,104",31,ED_PYK,0.6931471805599453,0.06878268701300065
796,"3191,104",31,EU_GLUDy,0.07799945849000854,0.06878268701300065
797,"3191,104",31,EU_G6PDH2r,0.018383376498417977,0.06878268701300065
798,"3191,104",32,EU_ASPTA,0.08769811599047439,0.015738891667709025
799,"3191,104",32,EU_GLUDy,0.001,0.015738891667709025
800,"3191,104",32,ED_ICDHyr,0.001,0.015738891667709025
801,"3191,104",33,ED_PYK,0.6931471805599453,0.09298880223058546
802,"3191,104",33,EU_GLUDy,0.18917741407731894,0.09298880223058546
803,"3191,104",33,ED_MDHm,0.6931471805599453,0.09298880223058546
804,"3191,104",34,EU_PPND2,0.2598672509038326,0.05569800092079235
805,"3191,104",34,ED_PYRDC,0.001,0.05569800092079235
806,"3191,104",34,ED_PGK,0.1435422478972776,0.05569800092079235
807,"3191,104",35,EU_PPND2,0.17284289676944428,0.05020884794739431
808,"3191,104",35,EU_ASPTA,0.160356797476507,0.05020884794739431
809,"3191,104",35,ED_GLNS,0.0055749385170385714,0.05020884794739431
810,"3191,104",36,EU_PGL,0.2272076440800185,0.06243715142129613
811,"3191,104",36,EU_PGCD,0.6931471805599453,0.06243715142129613
812,"3191,104",36,EU_FBA3,0.6931471805599453,0.06243715142129613
813,"3191,104",37,EU_HEX1,0.001,0.03272148564765057
814,"3191,104",37,ED_PGK,0.07999077371571163,0.03272148564765057
815,"3191,104",37,EU_FBA3,0.6931471805599453,0.03272148564765057
816,"3191,104",38,EU_GLUDy,0.001,0.03602695076500009
817,"3191,104",38,ED_ICDHyr,0.11597425733022299,0.03602695076500009
818,"3191,104",38,EU_FBA3,0.6931471805599453,0.03602695076500009
819,"3191,139",0,EU_HEX1,0.03118239432343066,0.04590156676062691
820,"3191,139",0,ED_PRPPS,0.19978569486028153,0.04590156676062691
821,"3191,139",0,ED_PYK,0.14362264757792978,0.04590156676062691
822,"3191,139",1,EU_HEX1,0.0600243337118915,0.03738443923708823
823,"3191,139",1,ED_PYK,0.10629560743001146,0.03738443923708823
824,"3191,139",1,EU_PRFGS,0.001,0.03738443923708823
825,"3191,139",2,ED_PYK,0.17184836889886926,0.04419447126123785
826,"3191,139",2,ED_ALDD2y,0.5609692473280368,0.04419447126123785
827,"3191,139",2,ED_PDHm,0.0204108156317461,0.04419447126123785
828,"3191,139",3,ED_PRPPS,0.6727414574286387,0.014444990419738634
829,"3191,139",3,ED_PDHm,0.24858665936599889,0.014444990419738634
830,"3191,139",3,ED_PFK,0.039280899776679506,0.014444990419738634
831,"3191,139",4,ED_PYK,0.21405860397491017,0.0710076355007193
832,"3191,139",4,EU_AKGDbm,0.001,0.0710076355007193
833,"3191,139",4,EU_TAL,0.6510427995350692,0.0710076355007193
834,"3191,139",5,ED_PYK,0.21312951792593707,0.07054500345428476
835,"3191,139",5,EU_TAL,0.6474751879751757,0.07054500345428476
836,"3191,139",5,EU_SUCOASm,0.001,0.07054500345428476
837,"3191,139",6,ED_PYK,0.21307595994972411,0.07086867226925565
838,"3191,139",6,EU_TAL,0.651985090372474,0.07086867226925565
839,"3191,139",6,EU_GCC2cm,0.001,0.07086867226925565
840,"3191,139",7,ED_PYK,0.20821057921579567,0.0481224860080711
841,"3191,139",7,EU_PPND2,0.6931471805599453,0.0481224860080711
842,"3191,139",7,ED_MDH,0.001,0.0481224860080711
843,"3191,139",8,ED_PYK,0.20604736559563816,0.047610619435923124
844,"3191,139",8,EU_SUCOASm,0.001,0.047610619435923124
845,"3191,139",8,EU_PPND2,0.6931471805599453,0.047610619435923124
846,"3191,139",9,ED_PYK,0.21570946825151113,0.07122282242827814
847,"3191,139",9,EU_TAL,0.6493310977914105,0.07122282242827814
848,"3191,139",9,ED_NADH2_u6m,0.001,0.07122282242827814
849,"3191,139",10,ED_PYK,0.20657084400808168,0.047771842761075906
850,"3191,139",10,EU_AKGDbm,0.001,0.047771842761075906
851,"3191,139",10,EU_PPND2,0.6931471805599453,0.047771842761075906
852,"3191,139",11,ED_PYK,0.2054810693849965,0.04755327033684852
853,"3191,139",11,EU_GCC2cm,0.001,0.04755327033684852
854,"3191,139",11,EU_PPND2,0.6931471805599453,0.04755327033684852
855,"3191,139",12,ED_PYK,0.20754752633556944,0.04796773264463277
856,"3191,139",12,EU_PPND2,0.6931471805599453,0.04796773264463277
857,"3191,139",12,EU_AKGDam,0.001,0.04796773264463277
858,"3191,139",13,EU_DHQTi,0.6931471805599453,0.06806729675673145
859,"3191,139",13,EU_DHQS,0.6041942036624304,0.06806729675673145
860,"3191,139",13,EU_CHORM,0.43348825555661136,0.06806729675673145
861,"3191,139",14,ED_PRPPS,0.6931471805599453,0.08725304065474382
862,"3191,139",14,EU_ICDHxm,0.6931471805599453,0.08725304065474382
863,"3191,139",14,EU_PDHm,0.34685340253349156,0.08725304065474382
864,"3191,139",15,ED_PYK,0.011853324473360953,0.011780879867889055
865,"3191,139",15,EU_DHQTi,0.6931471805599453,0.011780879867889055
866,"3191,139",15,EU_ICDHxm,0.001,0.011780879867889055
867,"3191,139",16,EU_TAL,0.33801100574065435,0.025467412117421425
868,"3191,139",16,ED_CSm,0.35318185472741925,0.025467412117421425
869,"3191,139",16,ED_SUCD2_u6m,0.6931471805599453,0.025467412117421425
870,"3191,139",17,EU_TAL,0.4483109942875466,0.043823081858372484
871,"3191,139",17,ED_PGM,0.48933778343644796,0.043823081858372484
872,"3191,139",17,ED_PYRDC,0.001,0.043823081858372484
873,"3191,139",18,EU_HEX1,0.042579398936128866,0.06386485002142413
874,"3191,139",18,EU_TAL,0.4435064398383211,0.06386485002142413
875,"3191,139",18,EU_ASPTA,0.16698850754989772,0.06386485002142413
876,"3191,139",19,EU_TAL,0.44350643983832155,0.06386485002142414
877,"3191,139",19,EU_ASPTA,0.1669885075498978,0.06386485002142414
878,"3191,139",19,EU_r_4235,0.21010423321239413,0.06386485002142414
879,"3191,139",20,EU_TAL,0.41080121341481235,0.03307226930318212
880,"3191,139",20,EU_ASPTA,0.04464630245720513,0.03307226930318212
881,"3191,139",20,EU_PGI,0.001,0.03307226930318212
882,"3191,139",21,EU_DHQS,0.6931471805599453,0.060415272035612644
883,"3191,139",21,EU_CHORM,0.41064500706678825,0.060415272035612644
884,"3191,139",21,ED_PGK,0.001,0.060415272035612644
885,"3191,139",22,EU_DHQS,0.6931471805599453,0.06021364721631051
886,"3191,139",22,EU_CHORM,0.4096371930400472,0.06021364721631051
887,"3191,139",22,ED_PPA,0.001,0.06021364721631051
888,"3191,139",23,EU_DHQS,0.6931471805599453,0.06035085900172437
889,"3191,139",23,EU_CHORM,0.40989141857060996,0.06035085900172437
890,"3191,139",23,ED_ICDHym,0.001,0.06035085900172437
891,"3191,139",24,EU_DHQS,0.6931471805599453,0.0604294305216276
892,"3191,139",24,EU_CHORM,0.41025038808317954,0.0604294305216276
893,"3191,139",24,EU_ICDHxm,0.001,0.0604294305216276
894,"3191,139",25,EU_DHQS,0.6931471805599453,0.06048125448825311
895,"3191,139",25,EU_CHORM,0.41084001660729325,0.06048125448825311
896,"3191,139",25,EU_ME1m,0.001,0.06048125448825311
897,"3191,139",26,EU_DHQS,0.6931471805599453,0.0604301418901239
898,"3191,139",26,EU_CHORM,0.41050223190977253,0.0604301418901239
899,"3191,139",26,ED_CPR,0.001,0.0604301418901239
900,"3191,139",27,EU_DHQTi,0.6931471805599453,0.07352283313642216
901,"3191,139",27,EU_DHQS,0.6931471805599453,0.07352283313642216
902,"3191,139",27,ED_PYRDC,0.17487404892798633,0.07352283313642216
903,"3191,139",28,ED_PYK,0.14548138208994388,0.08479946941295816
904,"3191,139",28,EU_DHQS,0.6931471805599453,0.08479946941295816
905,"3191,139",28,ED_PYRDC,0.2040056484461487,0.08479946941295816
906,"3191,139",29,ED_PYK,0.6931471805599453,0.2274738141045518
907,"3191,139",29,EU_PGL,0.403776349309545,0.2274738141045518
908,"3191,139",29,EU_GLUDy,0.3565724926650527,0.2274738141045518
909,"3191,139",30,ED_PYK,0.6931471805599453,0.2245711758016755
910,"3191,139",30,EU_GLUDy,0.34876334099797507,0.2245711758016755
911,"3191,139",30,EU_GND,0.693147180559946,0.2245711758016755
912,"3191,139",31,ED_PYK,0.6931471805599453,0.22160909603404533
913,"3191,139",31,EU_GLUDy,0.34084580756963867,0.22160909603404533
914,"3191,139",31,EU_G6PDH2r,0.6931471805599456,0.22160909603404533
915,"3191,139",32,EU_ASPTA,0.6931471805599453,0.22058742567068496
916,"3191,139",32,EU_GLUDy,0.40225114956167085,0.22058742567068496
917,"3191,139",32,ED_ICDHyr,0.5558385836323315,0.22058742567068496
918,"3191,139",33,ED_PYK,0.6707263982880951,0.21015712421164967
919,"3191,139",33,EU_GLUDy,0.30794847002627873,0.21015712421164967
920,"3191,139",33,ED_MDHm,0.5320693144847389,0.21015712421164967
921,"3191,139",34,EU_PPND2,0.46381708790001125,0.09335041164019194
922,"3191,139",34,ED_PYRDC,0.6801842847291386,0.09335041164019194
923,"3191,139",34,ED_PGK,0.6931471805599453,0.09335041164019194
924,"3191,139",35,EU_PPND2,0.5656075235066473,0.034995786388358346
925,"3191,139",35,EU_ASPTA,0.08492973946517648,0.034995786388358346
926,"3191,139",35,ED_GLNS,0.04634598047963091,0.034995786388358346
927,"3191,139",36,EU_PGL,0.003415485858213052,0.03640849672194758
928,"3191,139",36,EU_PGCD,0.10783627089833446,0.03640849672194758
929,"3191,139",36,EU_FBA3,0.6931471805599453,0.03640849672194758
930,"3191,139",37,EU_HEX1,0.06537612575476094,0.05212147295649773
931,"3191,139",37,ED_PGK,0.12538360979633068,0.05212147295649773
932,"3191,139",37,EU_FBA3,0.6931471805599453,0.05212147295649773
933,"3191,139",38,EU_GLUDy,0.09341837254840044,0.06287430500008713
934,"3191,139",38,ED_ICDHyr,0.4180476351532017,0.06287430500008713
935,"3191,139",38,EU_FBA3,0.6931471805599453,0.06287430500008713
936,"3191,142",0,EU_HEX1,0.13469662992899592,0.08320467419875098
937,"3191,142",0,ED_PRPPS,0.3540931596717088,0.08320467419875098
938,"3191,142",0,ED_PYK,0.6931471805599453,0.08320467419875098
939,"3191,142",1,EU_HEX1,0.10930661533996905,0.066824024799432
940,"3191,142",1,ED_PYK,0.6332677991840034,0.066824024799432
941,"3191,142",1,EU_PRFGS,0.001,0.066824024799432
942,"3191,142",2,ED_PYK,0.2736364625027852,0.028024946044784588
943,"3191,142",2,ED_ALDD2y,0.009101439917117926,0.028024946044784588
944,"3191,142",2,ED_PDHm,0.001,0.028024946044784588
945,"3191,142",3,ED_PRPPS,0.2866144144471185,0.010537166488964115
946,"3191,142",3,ED_PDHm,0.001,0.010537166488964115
947,"3191,142",3,ED_PFK,0.06578715082325243,0.010537166488964115
948,"3191,142",4,ED_PYK,0.2648820927043626,0.054542398948166766
949,"3191,142",4,EU_AKGDbm,0.001,0.054542398948166766
950,"3191,142",4,EU_TAL,0.6931471805599453,0.054542398948166766
951,"3191,142",5,ED_PYK,0.2658751653197915,0.05466920107047018
952,"3191,142",5,EU_TAL,0.6931471805599453,0.05466920107047018
953,"3191,142",5,EU_SUCOASm,0.001,0.05466920107047018
954,"3191,142",6,ED_PYK,0.2610950598285993,0.054109896143672065
955,"3191,142",6,EU_TAL,0.6931471805599453,0.054109896143672065
956,"3191,142",6,EU_GCC2cm,0.001,0.054109896143672065
957,"3191,142",7,ED_PYK,0.19032221271477698,0.04488688815630713
958,"3191,142",7,EU_PPND2,0.3977500774199041,0.04488688815630713
959,"3191,142",7,ED_MDH,0.001,0.04488688815630713
960,"3191,142",8,ED_PYK,0.1809611541218393,0.04359395391203466
961,"3191,142",8,EU_SUCOASm,0.001,0.04359395391203466
962,"3191,142",8,EU_PPND2,0.3931879978187605,0.04359395391203466
963,"3191,142",9,ED_PYK,0.27050806673655714,0.05518392649719055
964,"3191,142",9,EU_TAL,0.6931471805599453,0.05518392649719055
965,"3191,142",9,ED_NADH2_u6m,0.001,0.05518392649719055
966,"3191,142",10,ED_PYK,0.17930195800587156,0.04331122311916448
967,"3191,142",10,EU_AKGDbm,0.001,0.04331122311916448
968,"3191,142",10,EU_PPND2,0.3918141570119209,0.04331122311916448
969,"3191,142",11,ED_PYK,0.1716822099364925,0.04222288146241018
970,"3191,142",11,EU_GCC2cm,0.001,0.04222288146241018
971,"3191,142",11,EU_PPND2,0.38767281744298143,0.04222288146241018
972,"3191,142",12,ED_PYK,0.18862878418171328,0.0446433896632492
973,"3191,142",12,EU_PPND2,0.39688329498615166,0.0446433896632492
974,"3191,142",12,EU_AKGDam,0.001,0.0446433896632492
975,"3191,142",13,EU_DHQTi,0.5477363425629687,0.06767685252370663
976,"3191,142",13,EU_DHQS,0.001,0.06767685252370663
977,"3191,142",13,EU_CHORM,0.6931471805599453,0.06767685252370663
978,"3191,142",14,ED_PRPPS,0.2683146226693085,0.00768363671069607
979,"3191,142",14,EU_ICDHxm,0.011652071893844734,0.00768363671069607
980,"3191,142",14,EU_PDHm,0.001,0.00768363671069607
981,"3191,142",15,ED_PYK,0.15600211665207683,0.06375928060536708
982,"3191,142",15,EU_DHQTi,0.6931471805599453,0.06375928060536708
983,"3191,142",15,EU_ICDHxm,0.06557396031974687,0.06375928060536708
984,"3191,142",16,EU_TAL,0.6931471805599453,0.044188655407840685
985,"3191,142",16,ED_CSm,0.5802103415794065,0.044188655407840685
986,"3191,142",16,ED_SUCD2_u6m,0.2060579353204565,0.044188655407840685
987,"3191,142",17,EU_TAL,0.6931471805599453,0.09160523407658436
988,"3191,142",17,ED_PGM,0.5906197161987427,0.09160523407658436
989,"3191,142",17,ED_PYRDC,0.33101700520406935,0.09160523407658436
990,"3191,142",18,EU_HEX1,0.001,0.04860492564647902
991,"3191,142",18,EU_TAL,0.6931471805599453,0.04860492564647902
992,"3191,142",18,EU_ASPTA,0.23700280357129827,0.04860492564647902
993,"3191,142",19,EU_TAL,0.6931471805599453,0.04890517425641418
994,"3191,142",19,EU_ASPTA,0.24059634339554278,0.04890517425641418
995,"3191,142",19,EU_r_4235,0.001,0.04890517425641418
996,"3191,142",20,EU_TAL,0.6931471805599453,0.04848088729393784
997,"3191,142",20,EU_ASPTA,0.23651886120502014,0.04848088729393784
998,"3191,142",20,EU_PGI,0.001,0.04848088729393784
999,"3191,142",21,EU_DHQS,0.6036736064078319,0.06735644970006899
1000,"3191,142",21,EU_CHORM,0.6931471805599453,0.06735644970006899
1001,"3191,142",21,ED_PGK,0.001,0.06735644970006899
1002,"3191,142",22,EU_DHQS,0.6931471805599453,0.07241932058427006
1003,"3191,142",22,EU_CHORM,0.6931471805599453,0.07241932058427006
1004,"3191,142",22,ED_PPA,0.00489570884071764,0.07241932058427006
1005,"3191,142",23,EU_DHQS,0.6931471805599453,0.07210130669247972
1006,"3191,142",23,EU_CHORM,0.6931471805599453,0.07210130669247972
1007,"3191,142",23,ED_ICDHym,0.026704655033550417,0.07210130669247972
1008,"3191,142",24,EU_DHQS,0.6931471805599453,0.07455520277007781
1009,"3191,142",24,EU_CHORM,0.6931471805599453,0.07455520277007781
1010,"3191,142",24,EU_ICDHxm,0.06888695004479158,0.07455520277007781
1011,"3191,142",25,EU_DHQS,0.6473916895266242,0.06964319059305485
1012,"3191,142",25,EU_CHORM,0.6931471805599453,0.06964319059305485
1013,"3191,142",25,EU_ME1m,0.043517349636962785,0.06964319059305485
1014,"3191,142",26,EU_DHQS,0.6931471805599453,0.07224372663166101
1015,"3191,142",26,EU_CHORM,0.6931471805599453,0.07224372663166101
1016,"3191,142",26,ED_CPR,0.025803420796130638,0.07224372663166101
1017,"3191,142",27,EU_DHQTi,0.6931471805599453,0.09187077634232108
1018,"3191,142",27,EU_DHQS,0.6931471805599453,0.09187077634232108
1019,"3191,142",27,ED_PYRDC,0.15637794543410855,0.09187077634232108
1020,"3191,142",28,ED_PYK,0.5895047866177877,0.10823456876660179
1021,"3191,142",28,EU_DHQS,0.6931471805599453,0.10823456876660179
1022,"3191,142",28,ED_PYRDC,0.23646382074299183,0.10823456876660179
1023,"3191,142",29,ED_PYK,0.015889832191417663,0.07477429513044183
1024,"3191,142",29,EU_PGL,0.28820099451092607,0.07477429513044183
1025,"3191,142",29,EU_GLUDy,0.5283134420180922,0.07477429513044183
1026,"3191,142",30,ED_PYK,0.18805273188275046,0.057270020659130505
1027,"3191,142",30,EU_GLUDy,0.42167414110291485,0.057270020659130505
1028,"3191,142",30,EU_GND,0.6931471805599453,0.057270020659130505
1029,"3191,142",31,ED_PYK,0.17499342781045524,0.057792248736133284
1030,"3191,142",31,EU_GLUDy,0.4122029164518368,0.057792248736133284
1031,"3191,142",31,EU_G6PDH2r,0.6931471805599453,0.057792248736133284
1032,"3191,142",32,EU_ASPTA,0.31126261292279356,0.05772664064767129
1033,"3191,142",32,EU_GLUDy,0.19149415585979743,0.05772664064767129
1034,"3191,142",32,ED_ICDHyr,0.28231092668240254,0.05772664064767129
1035,"3191,142",33,ED_PYK,0.10656901857896789,0.04333444979252079
1036,"3191,142",33,EU_GLUDy,0.664032696327781,0.04333444979252079
1037,"3191,142",33,ED_MDHm,0.6787441318544238,0.04333444979252079
1038,"3191,142",34,EU_PPND2,0.6539197916969803,0.13132030616727675
1039,"3191,142",34,ED_PYRDC,0.5462898162273353,0.13132030616727675
1040,"3191,142",34,ED_PGK,0.6931471805599453,0.13132030616727675
1041,"3191,142",35,EU_PPND2,0.6931471805599453,0.12950951444469722
1042,"3191,142",35,EU_ASPTA,0.516893015722423,0.12950951444469722
1043,"3191,142",35,ED_GLNS,0.2784470957954705,0.12950951444469722
1044,"3191,142",36,EU_PGL,0.24239831234966458,0.1286824530756055
1045,"3191,142",36,EU_PGCD,0.4530011528383582,0.1286824530756055
1046,"3191,142",36,EU_FBA3,0.6931471805599453,0.1286824530756055
1047,"3191,142",37,EU_HEX1,0.2723477123532392,0.12632810830909788
1048,"3191,142",37,ED_PGK,0.6931471805599453,0.12632810830909788
1049,"3191,142",37,EU_FBA3,0.6931471805599453,0.12632810830909788
1050,"3191,142",38,EU_GLUDy,0.6931471805599453,0.12376581291839112
1051,"3191,142",38,ED_ICDHyr,0.6775423607860724,0.12376581291839112
1052,"3191,142",38,EU_FBA3,0.6216591137832241,0.12376581291839112
